{"cameraMode":{"drawMode":0,"name":"Shaded","section":"Shading Mode"},"sceneLighting":false,"audioPlay":false,"sceneViewState":{"showFog":true,"showMaterialUpdate":false,"showSkybox":false,"showFlares":true,"showImageEffects":true,"showParticleSystems":true},"in2DMode":false,"pivot":{"x":40.130001068115237,"y":122.97015380859375,"z":363.304443359375},"rotation":{"x":-0.017878761515021325,"y":-0.9057071208953857,"z":0.42185908555984499,"w":-0.03835568577051163},"size":1.8878883123397828,"orthographic":false}